author,upvotes
DrSubs,551
chasingd0pamine,340
Hello_to_u2,283
gregsterb,271
morganevans73,268
rplate81,249
tristam30,239
Jonlaw510,218
InfluenceEffective67,213
Excellent-Attempt204,209
thesmallestcock69,206
Finallyclean0007,188
dodgeorram,188
airmankenyon,187
DarkAngel386,186
RC7806,185
twisted_guru,158
professorpounds420,158
Nicoledploudre,151
bubba2260,147
Gabemann2000,143
kopitesubuser,136
qui9,136
cruxtone,135
HappyThrillmore87,133
hambylw_,127
burf2500,127
Lucid-Design,123
dnewman3231,122
imsaneinthebrain,119
FeathercockMelee,111
Real-Material344,110
unbitious,108
QuietTHINGno1KNOWS,104
StevenRabbi,103
TheDarkSideSpoon,101
Bambino_sharknado,100
stronghands_528,99
alullintraffic,96
takeiteztoma,93
jax2bcn,92
AccountforPills,91
DasLIVES88,90
iscream80,88
kvothethearcane88,84
ib00sti,84
Majestic-Orange,82
RecoveryAltONE,80
mrowen79,80
nampride,78
Toomuchcodeine,75
darknessdown,75
Clats9713,75
Dandan419,75
Thedopedaze,75
DimaVRT,73
Jdizzlerino,71
Shaq_Bolton,71
Majestic_Fault_1162,68
caffein8dnotopi8d,66
ReadyRED614,65
schradeskeetloot,63
Layne_Cobain,62
rtk_23,62
N-Ndimethyl,61
hellocaptin,60
owwstin,60
Present-Love-9318,58
Wudbe08,56
swar5484,55
BlueMcgee123,55
MethodistPacifist,54
brazzala,54
jewafrica,54
ak19bld,53
TATP1982,53
Br1ngTh3Ruckus,52
neytirijaded,52
seventener,51
AnyDayNow000,51
egeek84,51
swiggertime,51
Bigwh,51
Casper1383,50
CosmicCatDaddy,50
Ricochet888,50
tachibanakanade,50
DropLSDYo,49
kennnagz,49
ksnizzo,49
Zanzan567,49
ask-if-im-a-parsnip,49
NicoleD77,49
08lisa77,49
yerdunclelarry,49
highvizionz,48
bad_landz,47
klonopain,47
moose_gooze,46
dxmhippo,46
rb331986,46
nardis_bass,45
666pants,45
dablife4200,45
EazieWeezie,44
matthewa441,44
-papaperc-,44
Nr0225,44
ivegotquestions13,44
Appropriate_Power216,44
syssyphus,44
JewGuru,43
GrimButDim,43
richmanshigh,43
cyberscribble,43
irishsouthie,43
darrenocean,43
LetsGetFloated,42
throwaway2546198,42
parabola777,42
junglist-methodz,42
SzaboZicon,41
Leather-Frame-3943,41
theresa1411,41
JerseyStrong123,40
PomegranateLimp9803,39
SpiralingMindless85,39
chazzmurda14,39
grizzmane,38
retex1991,38
OneDayAtATime6,38
jthammons1796,38
greggdogg,38
schizowithdascripto,37
johnnycontin,36
hunter_hahaa,36
blueduck762,36
Energizer-700,36
bellatrix1976,36
caseycooke,35
joliver344,35
Dontmindmyass,35
Dankrupt324,35
kitzerrr,35
poppyseedgiraffe,35
blinx0rz,35
glitterdeath17,35
optioidmistic,34
Rex72727,34
NotNormalFake,34
bubbadubba2018,34
thrwaway_2110,33
guccyfendy,33
RemarkableAd5315,33
Thynes18,33
sugarcoated1,33
drbanimahd,33
atephonavich88,33
Im_slowlyDecaying,32
Freshpanda101,32
I_Got_Back_Pain,32
atmosphere9999,32
Alien_Genetics_,32
wsbringstheshade,32
Dogsnfood31,32
ResolutionAdorable91,32
BojanglesOnIce,31
Runnergirl_77,31
zoejayde0815,31
microdozing111,31
rezheaddd,30
the_matt_attack_,30
Cute-Design8500,30
Successful_Regret_15,30
Throwawayaccountx5,30
Ibogainec,30
bstump123,30
imawesome666,30
bartard2017,30
Verax86,29
tdublogan,29
Total_Initiative_600,29
239ForreaL,29
BigFishlag,29
jddryan94,28
IsimplyAMnotTHER3,28
SpaceGhostDOOM69,28
drkdarling,28
andinshawn,28
twomillcities,28
mycelium-magic,28
Classic_Girl,28
J-be-like,28
notoriousKudi,28
tooyoungtohitthefoil,27
atwoodfoundation,27
slickthebarber49,27
FeltDuringRain,27
moon_19x,27
Geosteele,27
WaffledNinja,27
burts413,27
brecitab,27
Opioidtolerant,26
FullPterodactyl,26
Diflubrotrimazolam,26
booftillyoupoof,25
countlessflaws1025,25
vlashqiptare,25
Avragemoron,25
MrMolo,25
msbx76,25
ThatAnonMan,25
keepforgettingname6,25
pineapple_oj_rocks,25
Ok_Bus8654,25
synx419,25
ljessup12,24
hisokaboi,24
MFVillian,24
Cfitman93,24
7702,24
sloan_fitch,24
Persephone_in_Hell,24
oatmealboypussy,24
SoulLip,24
kjack1132244,23
gorillahands1,23
DickyMoe222,23
Flyingphuq,23
RedDevilNight,23
livingmybest,23
Ironlife25,23
chiancaat,23
JJ78subuzer,23
newlands2020,23
moonsage131,22
boinamedcharles,22
jacobson_lab,22
MissionBee8420,22
Mu_Kappa_Delta,22
BigGretch313,22
docdocassrammerjamer,22
Amb3120,22
Bedazzal,22
dissowacko,21
pedroemendez,21
johnnyc636,21
Lamprocapnos1324,21
Staceyrummel,21
Baker19910,21
DOOM420-,21
rje37040,20
justBoofItMane,20
ialch_iphone,20
grandmasbroach,20
Beautiful_Quiet_6106,20
iriemindsz,20
No-Bed597,20
Curiousity261,20
910subsallday,20
r1ckyh1mself,20
KemWiz,20
dawn8884,19
UOWresearcher,19
seattleboots,19
theybruiseblue,19
Excellent-Copy4224,19
deezhuntz,19
NationalizeRedditt,19
Turbulent-Chip2393,19
666yungxchrist59,19
407druggie,19
Opening_Fun_6398,19
ragnar723,19
thraxxhouse_rippeep,19
meatpyramid,19
MrChris33,19
bluedreamer831,19
Gifteddruguser,19
yaboyfrom94,18
malonecory12,18
Xannydanny420,18
spookymemecollector,18
TominoesHell,18
dmrb91,18
County8219,18
702jimboslice,18
SmokeAndMirrors88,18
limitless2018,18
8ballaffairs,18
TheLonelyBantha,18
Ambitious-Pop-1252,18
Burne12,18
benxoz,18
lunaismyinternetname,18
Serene_sky1,18
llagos87,18
Dunker-p,17
FatFrenchFry,17
EthelWinters,17
Ayyylookatme,17
WorldlyBroccoli,17
kimmothy9432,17
Dolodinero,17
Rich-Intention-355,17
ElixerElla,17
lyssixsix,17
craigvic540,17
brice12042,17
Gxnggr33n,17
Professional-Lynx841,17
plzhelp85,17
jaydot1992,17
cwake30,17
3mgKPIN,16
somecrazydude13,16
scorpioawakened69,16
Other_Concentrate137,16
A_B_InFlux,16
PicaPaoDiablo,16
tetsuwane,16
Ok-South-1948,16
dniggs19,16
Prior-Praline,16
NLGsy,16
aleXANduurrr,16
sgb1446,16
Good_vibes845,15
Snarfzilla,15
orangena18,15
ayysteven,15
andreaidkk,15
applemaggot509,15
EncinoChick,15
Stressed_Deserts,15
UndeadTana,15
Main-Equipment,15
Single_Race5075,15
karismatiwhtgrl,15
AffectionateArcher62,15
Heroine-chic,15
billsfan8894,15
SwagCleric,15
BulletProofSnork,15
PMme-your-belly-ring,15
bearhandsband,15
dsdprpr,15
PayEmmy,15
sawcyboy,14
Barkleyboo12419,14
JimmyLipper81,14
PrincessHiccups,14
TheOnlyOneof2,14
OnlyEliThatMatters,14
Xxrasierklinge7,14
RECOGNIZABLE_NAME-,14
Kiev20d,14
Kinglens311,14
d0ffrot,14
professional-onthedl,14
jjohn419,14
Dank167,14
okesupinus,14
recoveryunderground,14
SpookyDude2020,14
Thankkratom,14
PablaEscobar,14
urwomansfav,14
dreamingforlove,14
seabasswebster,14
CHICAGABLOWS,14
phenomenologicalnerd,13
blairwitch1424,13
Squash4brainz,13
EitherBicycle,13
darlingdeardc0,13
TattedTy19,13
St_agustine,13
kenziesorensen,13
PeaPsychological5147,13
hopefullystillclean,13
LsdCrusaders,13
jamaicamike1987,13
BreakfastOk7587,13
anonaly11111,13
Leroy521,13
zzjasonzzesp,13
WTFJesus_,13
NeverGoFullHOOAH89,13
zae_fromstatefarm,13
throwra473883,13
Shes_Got_Questions25,13
benzboss,13
AugustEast1968,13
Ut_Amplio,13
Merry_JohnPoppies,13
Caul__Shivers,13
Wferris2020,13
notworthaname,12
crunchybroad,12
JeRevienss,12
alexanderB41,12
FatherOfFloyd23,12
sangyaa,12
NegativeDimension383,12
barrebaby33,12
EasternDecision7663,12
badlandzz,12
sluggishthug,12
Key-Strain8650,12
pup5581,12
vanessa_v_h,12
DrunkChopperPilot,12
vvorkingtitle,12
TrendingB0T,12
lifeisacitchcuhh,12
Humboldtboo707,12
forfunATX,12
funkyastroturf,12
vicefox,12
dopey_-,12
captainkurtis,12
dragon9891975,12
RexBiggusDickus,12
SubstantialTown7,12
KodakBlacksClone,12
ruoqiLehTmAI,12
babymaker666,12
BigTasty482,12
Bjerger_King,12
throwawaylifetroll,12
iamalergictocats,11
hotdamnitsbob,11
Nobuv24,11
mikey206206,11
SUBstandardlol,11
lovepussydrugs,11
Jroiiia423,11
smojphace92,11
bahtdotprob,11
Signal-Customer-160,11
Sulltron22,11
Mission_Employee5514,11
bree78911,11
cierraprystinee,11
fent-n-all,11
wishIknew01,11
ChiTownChick,11
Fableaddict35,11
Affectionate-Train54,11
Wonkydonkey420,11
Desperate_Chipmunk71,11
substory,11
Busy-Association4189,11
GodsBringerbitch,11
No-Feeling-8409,11
user262,11
MeMeLoRDexe,11
skosk8ski,11
chucktowndowntown,11
SamEH89,11
badgirlisbad,11
nothingt0say,11
squashedwaiter,11
jaysofresh1986,11
paranoiastreet,11
NeighborhoodNarwhal,11
korbinndallass,11
shitcake96,11
AnukkinEarthwalker,11
BetterPapaya5088,11
Tibu911,11
Tetrahfy,10
Low_Fault_7757,10
crankoneoff,10
bell1986,10
JJackieM89,10
jojoclifford,10
MarioRV87,10
LeFaire87,10
s4ebrosa,10
TheRapturee,10
Entire-Advantage-616,10
suwoobloodshop,10
Babyk222323,10
Fabulous-Acadia8827,10
Elevated_Aspects,10
Parking_Arrival_3991,10
Ms-Anthropy,10
Ohpeeateopiate,10
Ill-Lifeguard-7598,10
pawpatrolchannel5,10
Kakkarot1707,10
Catatonic-Princess,10
dcb949,10
daveymats13,10
RichardLSam,10
student_dissertation,10
Illustrious-Fail9054,10
LGBTBibleStudy,10
bupequestions,10
bambiankles,10
UCalgaryCounPsychLab,10
CalmPassenger,10
Ampoppy,10
Money_Surround_2572,10
Ambientank,10
xstaticprocess2,10
Snoo88319,10
night_thing_,10
paregoric_kid,10
dansentropie,10
chuwantmybuffet,10
1261991,9
slobbyrobbie18,9
finallyfree710,9
kurtssuicidenote,9
kelseyc93,9
sub-e,9
arkan0064,9
AstronautElectronic3,9
Choice-Cranberry2665,9
rnax_,9
TraphouseThaGod,9
KingLoserMasterbum,9
drdank187,9
lakeman150,9
talldicktay,9
Lnacho44,9
qksj29aai_,9
muchachaganj,9
badfishjam,9
OtisLukas,9
treevaahyn,9
lupinthe7th,9
dixiemafia097,9
Bthizzle,9
brazy619,9
MunkDunker,9
ogyakuza007,9
bellaswale,9
Alex_aceboogie,9
CALIblizzardboyz,9
tghrowaway556,9
paiigej,9
WellGroomedEric1282,9
Breathingund3rwater,9
NegligentLadylove,9
Lilbitofbrit,9
substruggle,9
Acceptable_Garlic3,9
doozmaster,9
rustywallace509,9
TheNamesBondAsInBond,9
Verksin,9
krazikat,9
EarlPowski,9
Remarkable_Yam2675,9
pkanthemememan,9
KpinKing2200,8
efrancello0417,8
pppoopoomayne48,8
pharmstocks,8
chitowncubs2016,8
Benjo435,8
_Catattack,8
Latexman93,8
orbitlou,8
Ladydiesel11,8
schmyndles,8
BlondeBxrbie,8
MediumWeak4577,8
Imnotsosureaboutthat,8
leftcoastenvy121,8
Aquaman6996,8
sports2dope,8
K8ight,8
fakehappy1,8
plzhelpmyspider,8
chem-eu,8
cerebral_folly,8
Eloxyt,8
jmargocubs,8
iforgotdowhat,8
SuperSeekretOne,8
bearjew_diamonds,8
goodguyatheist,8
Bupe_30,8
fmlicanteat,8
Boring-Collection563,8
daveisadog,8
shrocco,8
AngiefromAK,8
kaptainkryptonite,8
No-Hearing6831,8
optix001,8
pleadthefifth,8
chinaacatt,8
Greypages87,8
Down-InA-hole,8
foresk,8
LTL89,8
crease88,8
Janie_Awesome,8
mike9949,8
throwaway17880,8
BeneficialNose6,8
i-ambebe,8
chefffff,8
moviedrugbuff,8
5y64r1t3,8
BarefootDeepInIt,8
wobel85,8
CountCharlieChaplin,8
codywayne89,8
1beautiful_oblivion,8
Angelaarch,8
Paran0idMan33,8
1UpTahpAhk,8
movingsouth2020,8
ichasm_wustl,8
goofkoookwasteyute,8
Rob142sti,8
BraveHash,8
playbothsides,8
notonthat123,8
random_user_again,7
luns94,7
nrscorb,7
OpiumWar_rior,7
kellohitty41,7
fentdoper,7
aperture_77,7
han2418,7
lileggbaby69,7
sphericalvibe,7
tussinNEXT,7
opothrow,7
North-Role-5061,7
PurplePantsSuit,7
gh0stegrl,7
cozywarmedblanket,7
goatbra,7
malissalynn,7
bakinator420,7
CanadianBPD,7
TruckloadOfCorgis,7
TwizzyZippy,7
bassman890,7
Badennnnn,7
opiates-benzos,7
Invideeus,7
Americanfanclub,7
broccolistalk420,7
throwway420000,7
Negative_Style_8830,7
formallyhuman,7
knifeinthemopbucket,7
sirmichaelpatrick,7
JourneyOfFools,7
JungProfessional,7
rosemarylabianca,7
Traditional_Listen97,7
kara_t_chop,7
DaniDevine112233,7
hihowyafoin,7
Call_Me_Goop,7
marinarahhhh,7
nona57,7
yungdrxco,7
Suspicious_Produce,7
j3ttstar,7
Vaylan305,7
Td01241,7
rhutton83,7
Mallinckrodt,7
AllHailThePig,7
throwaway_______19,7
meerkatv,7
Purpleberri,7
quickthroaway666,7
InfinAF,7
No_Living9943,7
Dysfunq,7
207plug,7
BongoCheetah,7
Fearless-Split,7
KVN_G8S,7
Sweet_Schedule6525,7
MissMisery_xxx,7
YoungAddictsUnited,7
Lost-Bet-5566,7
fineapple808,7
Exotic_Sippa,7
Binsmokin420,7
Mawddawg10,7
maalozarpla,7
DisastrousSize,7
Poconatasback,7
some_nihilistic_Cunt,7
Hamspamm,7
jaescott,7
NolaBound0,7
misc202020,7
COB98,7
PayCheckOrDeath,7
maxysmul,7
wavyjones710,7
stonerboynoah_,7
in3edmeds,7
nikeswoosh27,7
xronza,7
Bustmig,7
kelseymh,7
Dr_Macklin,7
babygirl7876,7
type_r_boy,6
d33p_to0t,6
Skoody,6
Duke54327,6
Tylerknowsbest20,6
Mr_Nasty090,6
krazykizzle,6
RuthlessOG,6
hamilted,6
want-to-be-free,6
lethalmuffin877,6
tomeskuchen,6
bthtbh,6
FourKingJackAce,6
phuket_all_of_it,6
I_Prefer_Dark,6
WeeClaire78,6
seabrad01,6
Titsmcgee18,6
Unhappy_Memory_2368,6
DireWolf7769,6
ElonMuskDid911,6
Goku-UI,6
Soursteve37,6
KitchenBowler6172,6
SilntNfrno,6
Delicious_Upstairs39,6
OGxOC,6
Dankalicious11,6
Backwoodaday,6
dontlik3th3drugs,6
back_to_basicx,6
manifestioncreation,6
SecondChanceUsername,6
santero01,6
cbrown7178,6
schindlersLisst,6
Severinx,6
tvvvvv,6
Independent-Aerie-53,6
ryencool,6
dunkslam666,6
te73731,6
JayNickles,6
PalestinianPapa,6
MrMushroomShaman,6
1945_Revenge,6
OutThereDoingPushUps,6
Paganbby,6
RN4L33,6
thesubdr,6
OwlPlane1521,6
iantx5126,6
lovethemoon17,6
Hobo_pickle,6
IoneLove,6
LyfX23,6
cstofd20,6
dalillama69,6
eravila1,6
i-am-soybean,6
opoided11,6
mdsmit22,6
opionekenopiate,6
BootL3gK1ng,6
e8smakemegreat,6
eyeseeeyesallseeing,6
Funeralxslut,6
dopesickcarrershift,6
MedicineMedical3607,6
javie187,6
iwillquitkratom,6
airmaglee,6
bbs540,6
Angelsdust96,6
lovelydisputes,6
GudSoulShitHole,6
Kenkottontail,6
daz3d-n-c0nfus3d,6
fibs618,6
opiateCrusader,6
40box,6
OctaviusSplooge,6
knickswillwinachip,6
machinegecko,6
KenTheFiend,6
IndependentRoutine7,6
FoIds,6
Socalburnin92,6
Apprehensive-Sir4776,6
MrDodgers,6
zjciprazz,6
SmokeMethAndDie,6
Throwawayaddict1983,6
firahs75,6
dreamalittledream451,6
eatmydonuts,6
Fit_Winner3049,6
sunshine-84,6
lKn0wN0thing,6
mikeeee1234,6
mlpatt,6
cudenverstopstudy,6
bowtie25,6
imsad-iknow,6
Expo-,6
hadley3,6
dilll6n,6
weeee28,6
srqtaway,6
Gonnaforgetthis1too,6
yabadabadobadthingz,6
Snxwmvn,6
geo-matrix,6
the-jedi,5
terryta2,5
Cody610,5
DaJohnJames,5
AkOregonian,5
Trapzor,5
MC_Splintersack,5
Environmental_Gas265,5
DopeyMcDope,5
allersion,5
IrishLass2,5
BurningMan94,5
ishnupoo,5
Illustrious_Gap4794,5
freddimm,5
BadBrent,5
gulddamen69,5
OxyHyperFueledQueen,5
Plane-Letter,5
OGopiate,5
YeehawJunktion,5
NEK449,5
zacdied,5
JumpyAerie3,5
Br0piate,5
promethat13,5
freakinOPs,5
ruffles_gaming,5
akula1984,5
Past_Ad2878,5
AnonymousNerd420,5
Lil-bigswit,5
pitseleh7,5
Suicidal_Dummy,5
LazyStud,5
Nicki-bell,5
bigshooTer39,5
flowerpot91,5
cryptdawarchild,5
xanax_pineapple,5
BrendenS92,5
svalentine89,5
payday_vacay,5
Jim_bo77,5
the_mf_percanator,5
HexiHero,5
THE_JEWISH_MONK,5
kholl5478,5
TheOneAndOnlyWookie,5
Blurry_bars,5
OnlyEightAreMilhouse,5
SnooCupcakes9068,5
aqil786,5
FitmentNW,5
new_usernaem,5
Anarchy2831,5
Dale1983,5
g63amgkid,5
Expert_Sherbet8717,5
onomonopiaa,5
DirtyDuzIt,5
JudgeSheisty,5
Tight-Victory-6628,5
KawZRX,5
spillybob,5
thepolishwizard,5
Painpaingoawaynow,5
drdrizzy13,5
Quiexi,5
bigdeadguy,5
FC975321,5
limelightning123,5
my0ung,5
cloudywithachanceofH,5
Sizzle3123,5
LostGangHQ,5
FlibberFlobber13,5
shitforluck973,5
Puggleperson760,5
sailfishkilla42,5
DankMyco,5
Gumball199,5
Fabbing11,5
Rough-Hornet-426,5
jjanssen1,5
bobehlee95,5
Titanssss,5
Papdugi369,5
noaydi,5
lovelyladyseeking,5
ChemistRemarkable,5
Inevitable_Aide_7145,5
Belfast_Viper,5
mjstef32,5
jazzymoontrails,5
Few_Psychology_,5
Toology88,5
blackpny,5
InfiniteBrendan,5
mpearlman17,5
DropThaClip415,5
bagafetty,5
rowdy1212,5
papavertossaway,5
SteveOpium28,5
purplekushDGK,5
weedlacer91,5
tombenn,5
Chemical_Connoisseur,5
PhD_Meowingtons,5
HCDOpioidResearchers,5
Michac22,5
zzockzz,5
Throwawaymynodz,5
mybitterhands,5
sausagepilot,5
tronb3,5
lavaheaded27,5
ladymortua,5
Coochieforgucci,5
fullblownmaids,5
KE3PUPx94,5
Lulu801234,5
LittleEl,5
surkitxx,5
ecs342,5
rjh12345,5
I-lovetrump,5
Gloomy-Ad-3302,5
h0tsh0t666,5
DLK1984,5
Ikoikobythefio,5
RiskBehaviorResearch,5
square2inc,5
HeLiX_HeXx,5
Addicted2Suboxone,5
junkieh0,5
ku7n,5
pnerohan,5
DommYCS,5
SmackMyTitsUp,5
LALA-LABOMBA,5
chakraftw,5
ccm1875,5
powerMETALtony,5
KaiserGrant,5
Lindsar22,5
FlippingandDipping,5
thatGUY2220,5
ugk4life33,5
tribesmenftw888,4
nashct,4
NovaBlitzOGZP,4
DopelesHopeFiendsyke,4
Will_Stewart78,4
Murky_Train,4
Dismal-Choxan,4
poetgmu,4
goodoldsaz,4
Diluted_Jack,4
jhenry64,4
unclehurricane,4
HeadHigh_HeartStrong,4
drimilr,4
simp_slayerr,4
staycool81,4
TatsAndHoes,4
LPN2,4
gbraun01,4
boofinboy,4
Maleficent_Fly9187,4
angelfcedemon,4
traaak,4
doobiesnackz,4
somebigcajones,4
NutOnMyForehead,4
329llit,4
katsNeo,4
thr0away4206969420,4
Nushaga,4
rgosskk84,4
ResistingNut,4
ceawonder,4
SnooDoughnuts6592,4
mypreviousl,4
cashewgurt,4
crackedoutdemons,4
darkesthour613,4
Throwiieeeeaway,4
-teaqueen-,4
elsieANNxo,4
zonegeek,4
banebridge,4
luciannnn,4
Box-Mink,4
johnsecret420,4
Little_jimmy1988,4
backndaday1mg,4
Butterycrank,4
BigDaddyMike15,4
needlesandpinnedeyes,4
DeepFriedFear,4
AdornedBrood,4
Aminull,4
RoyalTomato,4
Discuslover129,4
bookey8,4
douglas20208,4
CallHimMrVain,4
pinklaugh,4
MateusAmadeus714,4
ErrdEighteen,4
-Renton-,4
seanjamesonsion,4
ResearchMenical,4
Heavy-Flatworm-5346,4
soupit,4
longlifetired,4
etherkiller,4
QuanishFlonishi,4
truthll_setufree,4
zackthirteen,4
CorrectableTea,4
No-Term-411,4
plasticBebz,4
FitBenzoBunny,4
Hellandyou,4
godsflaws,4
m-loves-xans,4
tubesockk,4
Bareblu,4
Schobski,4
Front_Pizza_1225,4
heroinsmarionette,4
stephanieleigh88,4
Lambowski99,4
bolttokes,4
RoninWarrior1219,4
Rizeuplightez,4
rallyaly79,4
OGblumpkiss13,4
AffablyAmiableAnimal,4
foulacyy,4
PolySubstanceHigh,4
Academic-Monitor-156,4
fuzzypipezz,4
AAlldayx,4
redneckjunkie,4
MauG59,4
Minute-Draw5179,4
relapsedbutstrong,4
Jiverson716,4
say10_mm,4
Junk_Star,4
Opiate530,4
ngnyc30,4
fredsify,4
SoicyVegeta,4
lola21,4
StealYourFace83,4
that_sasquatch_dude,4
ARRC_Roanoke,4
mrsalicia,4
lol09988,4
Ericmolzahn,4
kdmcr,4
trish42092,4
Puzzleheaded-Cow5492,4
peptobenzo,4
PotatoforPotato,4
Outside_Principle_89,4
AlwaysSadBrownsFan,4
BriChablis,4
rasta_masta22,4
RIPDrX,4
Different-Ganache486,4
Iookinboyz,4
handheldpump,4
757JustHow,4
slimeball999,4
Polystyrene1,4
subthrowaway321,4
ZY172,4
red-bonez,4
LameNameUser,4
InLovewithH,4
Clark9901,4
nootconnoisseur,4
OPANAxPrince1992,4
thousanddollaroxy,4
NoChillAss,4
lala00111,4
yayNewToPDX,4
MFBF0903,4
Brahne666,4
Kyingmeat,4
breffmint30,4
PUBGChickenDinner,4
Dontblink702,4
kirkland1741,4
Angelus-XIII,3
minosFn,3
Trevor-1995,3
Iwasatgoogies,3
Imtrvkvltru,3
HardxCory,3
Imaginary_Koala9064,3
sleepy-__-,3
itsmikep,3
russellcaintattoos,3
bonghitsforhitler,3
steve9207,3
Reinhardt56k,3
renz27z,3
DarkAdministrative74,3
bent_screwdriver,3
Professional_Guide_9,3
HYDR0MORPH,3
r0tg0ttess,3
YogurtclosetMinute22,3
Smokemctoke420,3
cheezyimdaman,3
SaveMe414,3
subutexsavedme,3
YoshiBoy394,3
katsmerlot,3
Dirt-Nap1,3
xtr2009,3
benny6957,3
fwuitypebbles,3
proceeds_theweedian,3
drylipsandchapstick,3
Yeaheyewilldothat,3
Zyfreid,3
Dabnectar,3
GreatOneLiners,3
OXYmoronic33,3
JustTrynaGetHi2getby,3
ornoc420,3
SupRxZombie,3
RinaRot13,3
ListerineFartBox,3
i-hate-this-shit5228,3
GercPang69,3
tannerpoli12,3
koolaidhikikimori,3
truenutral,3
Opposite_Ad1845,3
jrambo12,3
nullchems,3
wstorz,3
ShoppingJD,3
Ganja2233,3
BrentFolds,3
mookies4,3
Routine_Sale6101,3
Moist_Grandma_Cooch,3
timidnoob,3
jelllly,3
RubyRed_DiamondWhite,3
Wombo931,3
lobiggz92,3
Frozenpizzas6969,3
justcantswim,3
royalgillie,3
WildNight00,3
PrincessMissKitty,3
ironsoul412,3
TheLemurMaster,3
thatsameguy22,3
twistedladle,3
kaleleaf23,3
bingalls09,3
gruntled_ferret,3
ashleycartier,3
cypher1169,3
jbann1188,3
roy-choi,3
yeenspace,3
nyurit,3
three666,3
thebestestboii,3
More_Yellow_293,3
Abombyurmom,3
andreakelsey,3
batshitterz,3
slingshotmeow,3
giorgosjets,3
TheRealSuperPsych,3
DanoDego,3
kineticthought,3
3rdiRy,3
tevablue,3
aradioactivepatient,3
spacegod98,3
TomorrowNeverCumz,3
sjshxhsbabakzkxjxn,3
H0VEMAN,3
Voodoo_Gumpthrie,3
blee9896,3
dirtmcgurt67,3
nosexallowed,3
TheBigKimJong,3
Pwnzor_Mcduck,3
ummmgreg,3
Tripnbili84,3
syKonaut,3
pseudorem,3
JLindsey502,3
noontimemoonshyne,3
wsethdalton,3
Redditn00b22,3
treegurl11,3
black_snake_m0an,3
araisbec,3
redhatpoe,3
Jamone423,3
dividendman99,3
SeedMango,3
Comfortable_Sir_4040,3
Gelowkzz,3
Flaky_Book_1802,3
fejoaness,3
brian61907,3
bdan98,3
Every-Education-7368,3
16fuckluv,3
CallMeJBug,3
mrlions202,3
miselin36363,3
fog1026,3
pandabear80,3
Kaymoar,3
Automatic_Soft_6852,3
SuboxoneTaper,3
Toeeekneeeee13,3
PsychologicalBank777,3
blue215,3
UWisc_Research,3
angerfox,3
MyBlueberryTits,3
allusernamestaken55,3
iamAllyRed,3
alicedeeplease,3
ChiTownBrown911,3
PersonalTell,3
CannedSpamminator,3
emerpuss29,3
b2shaed,3
Snoo_88592,3
donny6311996,3
Opioidiot,3
ash_pnk,3
rgb121,3
QG_interview,3
chieftuff710,3
stevejeffer,3
Astral_Traveler17,3
WavyNotLazy,3
pochan86,3
opanainmAss,3
edub0420,3
sammybunsy,3
holyghost1979,3
ImpellentSmoke,3
theegyptiancartel,3
spookytrashcat,3
martroo,3
mysticaldragonlady,3
carmenluna,3
jjnyc44,3
coolio_toolo,3
Greedy-Historian37,3
Lilnissan_on_xanz,3
dirtydrops19,3
KratomXYZ,3
seussngoose,3
Andrewthevapinaddict,3
Hookson2691,3
ashlyn-xoxo,3
ddunc7794,3
MyPolarBearBalls,3
Lucid_Scream,3
lovelylivxo,3
stovinchilton,3
Recovering_Addict_LT,3
AdamClouse,3
DamagedInsect,3
ConnectDouble0,3
mrbrinks,3
fuckstu1,3
yUmmmmmie,3
KowalskiTheGreat,3
amitygoodtogo,3
Stupidbitch81,3
HollowTpzXtendedClpz,3
DaBixby,3
Johnhandrix,3
RedRobynX,3
burymeinabigcoffin,3
GreyGuyNevaMeddum,3
ArcticAnimal,3
NurdBurglar,3
daswede420,3
Fivemastersofdeath,3
beemoody07,3
dreamNdopeDreamzDDD,3
cl0udkick3r,3
IAmVerizonGuy,3
subhelpneeded,3
Pasta-man-1,3
DLinkzPavi,3
Appropriate_Law_6640,3
ZeusCarver00,3
herowhin,3
ComeShotMcGee,3
sydneytina,3
Taylor21554,3
PeterP689,3
StoopidJunkie,3
Hangyourhead954,3
ella6701,3
hedginator,3
dopelessfanatic,3
JohnnyTwoFingers,3
wickedauto,3
VetWagine,3
snicktheboss,3
benzoeater1999,3
scouseamerica,3
MfxTPHpgh,3
natedecay,3
ibNYC425,3
genjinibbasbelike,3
Psychobutton,3
Xr2iwhip,3
3VERGREEN,3
screwmyself520,3
methadone007,3
boldog0524,3
kellyrozz,3
im_in_need951,3
lexstasy13,3
christflip,3
Cacacale,3
stackinfire,3
rudeboyrrastamy,3
Espanarecov,3
iSweaterGodSeth,3
kingArt94,3
amadi311,3
CRUCIAL-000,3
dormvaped,3
isn0w,2
Gonzo128,2
Bigdongs,2
lifebluezovablues,2
LikwidHappiness,2
2holdermanju,2
Maniscalco23,2
Hopelessaddict1026,2
neurodegenerative,2
BurritoBoy11,2
apo80h30,2
AlbertHoffman55,2
RetiredProfessional9,2
DrJodyPants,2
themeanrug,2
420Valkry,2
daveybones47,2
mikebox30,2
atomic1994,2
Dupraxan,2
rattattatttt,2
undergroundopal,2
Darwin19821982,2
dlb92,2
LizLemonIRL,2
Equal_Complex_8387,2
tiptipjuicyred,2
lorenzoooooooooooooo,2
anonbitch512,2
Distinct_Passage583,2
idfkanymore7,2
Brokedown_Palace_7,2
flatcologne,2
bennyboots23,2
guccibaby913,2
sekopaa,2
oxycaine,2
JMCochransmind,2
searchin4word,2
harea123,2
Pushoffslow,2
crayonp,2
Plenty-Preparation71,2
SomethingsPhishee,2
JordisBored,2
SweetFiend_,2
Itcanbdiff,2
theheartofgold,2
emeyen,2
panikkattakk,2
reid65910,2
coinslurry,2
ADKTREE518th,2
uncannydreamer,2
willsteves,2
uvmovb,2
SOHON707,2
chazesteve504,2
Bluberryfairy,2
simply_sheany,2
sincerelyjuliee,2
jhasa16,2
stahmpcollector,2
Msjojo2121,2
ThatGuyFrom720,2
curiousalligator,2
JayMoneyh,2
KeithRmatt,2
classytrash5000,2
blueberrybird24,2
backndaday2mg,2
wasted_basshead,2
homesickalien_adf,2
heinous1,2
isitweirdthatilike,2
TheBupeInducer,2
boofedblunt,2
brad-_-lee,2
imsohomo1and2,2
athenugh,2
Icy_Reward9353,2
idekwhatusernamelol,2
TarkMwain99,2
throwaway1997_222,2
SteadyCareMedical18,2
Shoota69holla,2
valeria19977,2
xannyboy1040,2
teannadeee,2
mamandemanqu3,2
beautifulfuckingmess,2
p0liticat,2
sebudii,2
iboostbob,2
LysergicLegend,2
_Does_Not_Exist_,2
Mkvandal,2
Henrysfatcrap,2
kutes,2
Dx8907654,2
Pestilent1117,2
Weenis_Wrankle,2
5000CEO,2
jjbuzz2,2
throwawayforAMAs,2
heatmiser333,2
voitchita,2
Living_dead_girl96,2
tif138,2
cocainewhitchway,2
toneyd7354,2
RecoverOpiates,2
cshallll95,2
cuturhairhippy,2
Habakinush,2
helloimerrrrk,2
lexxi_bathory,2
ak47revolver9,2
Surf808561,2
SortuhStanced,2
Snoo-84645,2
cinfos78,2
Kidcharlemagne6,2
rider2022,2
K_wilk1ns8,2
CAPTIAIN_OBVIOUS_,2
RecoveryWithATwist,2
soundbwoi,2
suboxonedudethrowawa,2
EvieT11,2
BlueWindows1,2
TheEnchantedHunters,2
Mboxgawddd,2
OWDpart2,2
crypticfreak,2
qubanlynx,2
cadillacjoe1,2
LiterallyNotAShill,2
obfromsenatobie,2
lavender2001,2
spaceghostboywonder,2
jhow270,2
mountaintoocean,2
FupaEnthusiast,2
TheRealGoldenGod87,2
chadhat21,2
InvestmentStrong5384,2
Theditsyone,2
moka9900,2
martymcflhigh,2
roxyclean,2
sbdrtst,2
neighborlydrugdealer,2
sendkelp1,2
m3thgr1ps,2
fhfhfjnffn,2
Gutgrinder2000,2
BabyICE973,2
benziate,2
15green4me,2
mazaherh,2
Outrageous_Holiday_4,2
XVIILegioClassica,2
jujufistful,2
babybugsonny,2
MeerkatBrat,2
forevermanc,2
Blacktarrusto,2
johnsonandre034,2
drugsbeatsex,2
DiabloBlnco,2
holdermanju,2
Ryandoe11,2
jacubsakam,2
steveo1488,2
glammoldoll,2
Lolasworld,2
HikikoMorte,2
Cavemein,2
Quick_Ranger2489,2
Commitednaddicted97,2
Kylejay2k,2
lgarcia707,2
AY3M4C,2
Oli0scar,2
88irish,2
princessxpeace,2
stop_the_pain1,2
popeisdope,2
tnarg500,2
trippychapo,2
pollodemadera,2
chriddafer0518,2
Zealousideal_Lock_25,2
beetard,2
Lulkthxbye,2
Shiny_Cody,2
Hippy_trippy_jon_boy,2
SpecialCompetitive68,2
Gointhruit98,2
Carnival_Of_Carnage,2
RubberDucksInMyTub,2
jsco414,2
SuccessfulDance5,2
magicccmark,2
RiddenHorse,2
A1jellyfish,2
SevereDelivery9086,2
followthelight1,2
xxwickedjeckelxx,2
Manteco27,2
algino199,2
_chef_boyardee,2
ashnoel246,2
ConstantAndSharpp,2
No_One_7818,2
CuntLovingWhore,2
nvrwastetree,2
chapoopie,2
dumb420bxtch,2
CrystalStars75,2
surreal_squirrel,2
RushGayStuff,2
Code4RC,2
Big_Papa-69,2
lurkndturf,2
Autistic_Wzrd,2
yungjackz,2
waismannmethod,2
IAnate83,2
Icy_Journalist_9532,2
MachoManSavage77,2
Batyodi,2
AnAnxiousExtrovert,2
Pinkpaperclip702,2
Skiddzie,2
jeanbeanmachine,2
bink03,2
DryMouthMonster,2
mylifeman23,2
CaramelTemporary2636,2
PerrysAddiction,2
SovietDoc,2
SupaDupaDarkwingDuck,2
JohnnyFiveStax,2
shivasutra,2
bobcat124,2
AccidentTrue,2
Stuck_in_the_Loop,2
doctor_mac12,2
blaz1n912,2
gustoteg,2
broyal679,2
Lvrry,2
tammy810,2
johnnydarke91,2
taliengirl,2
RC_Bros,2
jarviskay88,2
Livbug_,2
I_Am_Peaking,2
thinkincrazy_,2
Java129,2
DavyJonesLocker_,2
Tourettes_monkey,2
countygangster,2
igottheblues1,2
borispider,2
Enough-Quail-5646,2
Raulduke8081,2
PaperExtension1578,2
sickboyyxoxo,2
LizKitty17,2
slime9reen,2
BettyBoop38,2
SpayceGhost,2
Voicedsword,2
stormisurprise,2
VastDrink,2
AshInMyDrink,2
blobfishn420,2
Symdj,2
oompaloompachocolate,2
opiatecare,2
Smallpandapop,2
WeirdOneTwoThree,2
britt5689,2
CandyKatja47,2
Big_Fix_6173,2
foreverlostoxyfound,2
Grand-Offer-5847,2
Trowbro,2
bunnyQatar,2
stondddd,2
throwaway0070055,2
SaltyTED420,2
junkfunkmail,2
sopaisme,2
Thehighguyman,2
thedankismine,2
dogcarpig,2
donopharm,2
subarashiman,2
ifiwereacat,2
NatashaR933,2
KingSoc86,2
Vvalle123,2
cody_cigar,2
EmergencyOk6315,2
rigsandworks,2
bluelightR,2
SpaceCowgirlBeBop,2
blueberryyumyum22,2
cleanandsobr,2
fukmilife73,2
B1u3print,2
Eligiu,2
One-Yogurtcloset6730,2
LampsLookingatyou,2
CoreyNTrevorLahey,2
Adlams,2
highdeaology,2
JimRan,2
fmtdawg,2
karmicdebtguru,2
bdeeps23,2
4balance7,2
paulglo,2
MG1993Free,2
4nickbrokemywrist,2
subterrianta,2
RaunchyPa,2
Different-Pear-2434,2
Dopeeyyy,2
valiumisbliss,2
thundeestormm,2
silklane,2
Dihydromorphine,2
Itsnoteasy5466,2
Mr_Wrong67,2
jd_trippin,2
nairemlap,2
BPDJunkie,2
ChefBoy-R-Radu,2
Chwnyakumo66,2
dusthood,2
huckinfipster,2
buffalo___716,2
SoftEntry5,2
StrongRelation4600,2
DJH4RT,2
nomasuna0420,2
barzzbro,2
Omgwizzle,2
Scary-Aardvark-6188,2
Boolsack22,2
visser1988,1
idonthavea_cat,1
714Lana,1
Mushroomw,1
klueliss1,1
dutchm4st3r,1
infinite11union33,1
in-dependence,1
camino29,1
Rent_uh_cop,1
ry9933,1
kennagz,1
fd40,1
Strange_Situation222,1
djstankdad,1
JunkWaffle,1
lovelynena94,1
magdanak,1
hyper_rail_accident,1
TheAtheistSloth,1
fezgig420,1
ShuddupAustin,1
Booopbooopp,1
Cryptohappyboylit,1
jcol26,1
WannabeRenter,1
yikesyikes666,1
g00dandyou,1
Friendlyformeraddict,1
Falling_is_fun,1
vee_gnoochi,1
fresh_off_the_presS,1
earthquackantor123,1
master721,1
drunk_frat_boy,1
lyricash,1
JustBlazed427,1
MasterWicket,1
Beneficial_Suit3115,1
Comedy1010,1
Undoxed,1
reckless1119,1
No_Cardiologist_1924,1
919geeked,1
Blitzedx0,1
OpiateSkittles,1
Melansonbj,1
zzzquilsleep,1
ltlpenguin,1
Selfinducedunonumero,1
apple4jess,1
Concat09,1
GL_HaveFun,1
Canyounot87,1
Link29a,1
fearnom713,1
luitant-mayor-barron,1
oLSDMTHCBDo,1
Blake_S2k,1
19jamielea84,1
ricknmorty850,1
MainlineJunk,1
r4ndom2,1
Sadangel6,1
MG-Rapid,1
phillie5,1
bobbysakes,1
Gutterlungz1,1
KarmaLamaa,1
EntertainerPowerful8,1
Dronheazy,1
the_L0ng_Boy,1
koqhboy,1
air-line,1
BudderMeDown,1
kk-winning,1
WaxPenAbuser16,1
Tricky_Shape,1
ChemicalClassroom257,1
etherbunny747,1
currylarso,1
sickfadebro,1
atticus_shoulders,1
Trizzzzelle,1
DenverDead,1
Scooby_Snax_Dg,1
imsofuckedupHA,1
Shirks39,1
FreshOffParole,1
donkerdong,1
col0rlesslife,1
THATBOYDEAN,1
Weasel4991,1
Throw-it-all-awayxx,1
CurseWord,1
thatguyh,1
Payton30617,1
seeplanet14,1
gnikito,1
jasonbraekz2019,1
Great_Presentation_4,1
coffeencherrypi3,1
Lolnlikeamofo1,1
-elizabeth_,1
AboveTheRim995,1
Veezyyyyy,1
natetheabbott,1
Snook4653,1
dmgalloway9,1
Drmedspharmacy,1
scummybearz,1
Admirable_Cucumber86,1
spraythewalls,1
sarabeth314,1
DesoTheDegenerate,1
smokin_sith,1
LopsidedHovercraft2,1
TurboMuncher,1
adolescentghost,1
Primary-Part,1
OSakran,1
bluewithnoblues,1
63I4715,1
kdizwiz,1
theopiumden,1
Sublocademyd,1
Sage_Frances,1
balenci67,1
Austin0558,1
mattyg3720,1
DaddyD503,1
Aimless_Precision,1
whitetrihard,1
motherfuckuri,1
bzzz20,1
melonhed01,1
orionxboi,1
RhettHPF,1
plzgodnoendocarditis,1
Parkwaydrive1235,1
rpmauer1,1
johnnyc99,1
dvnielcarter,1
Californiacarguy19,1
luvkillingme,1
Salty_Equipment_6163,1
Revolutionary-Beat64,1
ilovestalecoffee,1
chronic_tha_hedgehog,1
Palpitation_Early,1
errydaysastruggle,1
Smokin-Etizolam,1
Catastr0phik,1
Aiden8533,1
tha_nods,1
WolfishWolf,1
frooshlover,1
stayonmybullshit,1
Justine18235_,1
mothermofo,1
lilroxyy,1
SenorPoopyButtwhole,1
opis22,1
Independent_Eye_2468,1
Bissie66,1
Mistrayayo,1
GreyNetLord,1
AveryHunkyDory,1
1kfr,1
HardHatCowboy,1
jawnyfive,1
discobriskit,1
Belazy1212,1
jaysmith20,1
webmaster101_,1
elliotobii,1
Johnnycatfingers,1
Drain-OHs,1
lightsfury45,1
SmokingMonkies,1
IReadMoreThanYou,1
mmoonnmmaniacc,1
ReputationSalt6846,1
pixie_mor0n,1
throwawayman88,1
Super-Appearance7109,1
Ok_Adhesiveness_2987,1
SilentIngenuity4,1
PeachsCream2016,1
Rylokii,1
LivingForLife29,1
staysaucy92,1
juicydicky,1
UNFAM1L1AR,1
AlexLiveson,1
idontknfw,1
amandabanana077,1
kkc32136,1
DumbBtxh,1
jhlee102089,1
twissletipz,1
invalidhost1,1
ifiwereanopiate,1
unused-username,1
useonceanddestry,1
SpennyBoiii,1
Toadster64209,1
painkillerspills,1
corbinhelp,1
gcode710,1
ChadTheWaiter100,1
Quick_Awareness_9991,1
ScratchCut,1
throwingitaway1684,1
throtlezz,1
KeshaKee,1
elfunk7777,1
frostedblunts69,1
slothreacti0n,1
medshopusa,1
Secondand_YDGN,1
macyrich,1
gayobama1488,1
Teyak84,1
kmefh,1
Caoimh82,1
awbaws123,1
g0toH3ll,1
Impressive-Mall3034,1
Kendrick410,1
udman123,1
z00ted__,1
coffeeman2343,1
Mugsygracie,1
Recoveredaddict024,1
ctitty,1
BlackberrySerious118,1
SCP-ColeTrainsGhost,1
yungdopefiend,1
inkratoble,1
Remembr_When,1
HeapMaster,1
Girth_Brooks9,1
GetTreatment,1
digital-buddha93,1
morphinavic,1
sneaky_ninja132,1
aoasime,1
Percahontus,1
mialynn92,1
NoFirefighter5530,1
blondedrvgs,1
throwawaytoday12345,1
XxKingDirtyPerc30xX,1
Zombie0bsess0r,1
zsturgeon,1
psychguyjeff,1
Waste_Swan_5468,1
Weezsti,1
chanceboyce1,1
FitKangaroo5730,1
christinambowers,1
jeremy0335,1
pharmaceuticalstocks,1
Perkytime,1
lapdvv,1
anon138138138,1
Passoutninja,1
xVersacee,1
nethingerrything88,1
sterkneef,1
meggba90,1
daniscienceguy,1
hd3slyde,1
LETS_GET_HIGH_FIRST,1
anxiousghost3,1
Lightboy2871,1
fatherstarr,1
rsimonm,1
cheaclaz,1
blooz_clues,1
frontchasack,1
dezzybonthebeat,1
csk4j,1
MikeWe231,1
relapseIzRecovery113,1
chemshop,1
Economy_Respect_7579,1
lt_danfan,1
braininDaBlenda,1
Tannerduck,1
oiates,1
xbtshark,1
PapaJohnsCollege,1
throwaway2112ok,1
citygal202,1
wittypink,1
peanutbutterflukey,1
worldweb101,1
zacman78,1
karsynsmom6,1
labratwaterbottle,1
meggiemegg,1
junkiebxtch,1
notmatb,1
alexryan3663,1
Xr93ck,1
JarrenAnthony,1
BigTird,1
shakewell42018,1
frankgalaxyrrp,1
yayohead422,1
super_fance,1
oxycontine,1
Cmav313,1
Lillydunn,1
Exmormonexjunkie,1
Kratomnewby2017,1
420acapulcogold,1
Slideitinhoney,1
BrownsFanZ,1
mothmanslut,1
DrMeads,1
Cheescakestalker,1
mement0morii,1
esodrevo,1
toddschmod,1
Smalls_Biggie,1
BoxWineAndVicodin,1
Adventurous_Laugh134,1
crackbaby100,1
MalatestNPS,1
becynicalasfuck,1
Wheeldoc45,1
onceuponadruggo,1
jujrose00,1
OxyCock209,1
PsychoticWisdom,1
BirdGangPhilly215,1
teezymac,1
NoisyCardinal,1
thRowAwAyhzss,1
Low_Manufacturer3120,1
Jtrmofo1259,1
Stevo-35,1
habitat3,1
xmaster4556,1
MoxyMusic,1
Junkboy87,1
MrSelfDestruct32,1
GumshoeBill,1
dori_88,1
Mary_Magdalen,1
daisy66616,1
Adept-Attention-6346,1
TonyMac114,1
241personalites,1
Livinlife025,1
mylegsreallyhurt,1
justforyouthlogic,1
roofer149,1
Pjziprazz,1
sparkydrew7,1
MaRs_6M,1
TRIPO-5,1
liltrapcar,1
Fpatchcharlestonboy,1
Sfgiant_415,1
tylerjallday,1
Tash31695,1
SRMILLER123,1
oldskoolmotorola,1
dyingbreedgoat618,1
ItsPrestoDood,1
perkulator212,1
Technical-Bed-4953,1
Shesonfire99,1
be_it_known,1
Ssj10k2021,1
LSDAdventure,1
kockwaffles,1
Cantree,1
Content-Artichoke-46,1
jmking555,1
Psychological_Love40,1
klow1356,1
scottynyc501,1
samcayler,1
TheNolaDude,1
76philly76,1
TotalBath,1
cmag620,1
CapeBro,1
BZSC,1
sabcarolla,1
Tricky-Albatross301,1
wh0dis1,1
chimetime13,1
EmbarrassedDig5075,1
Joe_Cockmeat,1
funchick2018,1
kirianmaxx123,1
Fun-Register4374,1
Claudia_LA,1
Heythere123412345433,1
Gowchpotato,1
maddogcod,1
Aggressive_Ad_3587,1
spudratchet,1
tiredchild777,1
Wise-Faithlessness98,1
sendogsinister,1
WheresMyDamnSammich,1
Left_Ad1453,1
Severe_Durian_2124,1
Outside-Fox-7531,1
Taper_please,1
whitekidtweaking,1
Specialist_Cress6239,1
Dopeydope32,1
Dipscrape,1
Opyathrowaway,1
berryman13,1
HeteroHeroin,1
Ok_Matter1011,1
CarHopeful,1
ericrtc,1
AsherSea,1
Slim7164,1
Mi5terKittle5,1
thevikingninja,1
craigvic5401979,1
whenthedaysarecold,1
thriveorsurvive,1
Professional-Rain-59,1
EnthusiasmFeisty,1
PrincessMommy2,1
scamper_pants,1
farmer2015,1
SoulsBorneBlood,1
4wheelDrive206,1
sbss11,1
perccocet,1
dopepopecope,1
rhd14,1
probpoopin,1
itsadub,1
NewGDripp420,1
codoneking,1
TheRanchDressing,1
Stretch-Smooth13,1
throwaway666718,1
No_Conversation4638,1
wizard_worm,1
fairyann09,1
wakeninety1,1
smokeybear888,1
GrumpyOldManBorn1902,1
2RealNeal,1
Dry_Pomegranate_3185,1
fucccensorship,1
gaykooo,1
Flubronitrazolam,1
SchoolBoyQFan,1
Smokebowl,1
Lexichigo,1
hotnsweaty69,1
ifIwerestewie,1
scottsteinberg,1
hyp0th3t1c4l,1
Fit_Importance4137,1
SubInductQuestions,1
CJaySinatra,1
Nancykillsyou,1
niccijean101685,1
Drugwhisper,1
Outside-Astronomer98,1
DJWescoThaPercGod,1
Equivalent_Box_8799,1
Bitxhassdude,1
SeniorAnything7947,1
zinner306,1
Dopeaminaaa,1
ashtraygril,1
Your_Comrade_Conrad,1
Dales_pocket_sand,1
Total_fakecel,1
micahhess,1
Totaalikielto,1
KeLaBonita,1
VamosArg2499,1
Skitkorv,1
casey3P0,1
Disastrous-Ice4448,1
dpasqua1028,1
Schockstarre,1
dopef123,1
MathematicianBright5,1
HelpKickIt,1
spreading-love-,1
plasticisforever19,1
Substantial_Ad_3566,1
DeeeezNutssss,1
Rags2bitchesxmr,1
meldiane81,1
hailsfails,1
Low_Tension_8988,1
Snookn42,1
Heartfelt-junkbox,1
kirianmax1,1
JimmySteve3,1
waka_88,1
merrymarymari,1
Ash_oh,1
prayhard7,1
chrissykx,1
cml304,1
fatstrat123,1
ratemethrowaway68,1
Ringnebula13,1
kushman94,1
RustyGuns,1
Skrappy75,1
Donny5s,1
magickilla,1
wetemup604,1
Ok_Principle_1620,1
Unbiased_Insanity,1
betweenthelines9,1
Furcy13522,1
ExtensionStory2,1
CarChoice6068,1
carlsmeck,1
weirdestcoolkid1994,1
younnngb,1
Cjewell1,1
DanielMbox8,0
Weary_Accident_3425,0
coldworlds,0
x_StormeR_Z,0
MoistShoulder8156,0
Larklymark,0
TallDrinkofH2O_Yeah,0
Doolord,0
Diacetylmoreplz,0
titymelk,0
mrsHayden77,0
billfromcapitalhill,0
Upbeat-Cockroach-619,0
PapiSmurf30,0
mike77432388,0
__liquid_sky_,0
awall89420,0
purecheminc,0
FresHPRoxY321,0
fk37,0
cumboy187187,0
killamike617,0
gioTWEAKIN,0
Xanaxpills_,0
xanaxandlean,0
iHeartheVoiceofGOD,0
Mfunny2121,0
ugodbx,0
Killabunny36,0
mountain_burroughs,0
baronloll,0
emj100,0
SnooPets7141,0
howdueIdoit,0
FishfaLahey,0
hxcore,0
stocksonline,0
neuropathresearch123,0
CalebAndrew99,0
Responsible-Chair168,0
YoloSwag4Jesus420fgt,0
fhfhjghhj,0
DaKiddPiFF,0
chewis,0
WarFewkeisy,0
iluvmbox30s,0
p4nd4142,0
Cats_n_Kickz,0
Obey_These_Nutzz,0
berosee,0
jacksonblues1994,0
In4umX,0
DreamersPlayground,0
Rickylee008,0
nufkalola,0
Gotti1282,0
an0811,0
flacidd,0
Kpinnedbarbaby,0
Anonmoly,0
thiccpilloww,0
Ok_Carpenter8172,0
Custythetrendsipper,0
Somkeythedog591,0
needbenzos626,0
lozlestranja,0
kamkoradingo,0
theoutletof207,0
j0nny_a55h0l3,0
NYC_CHEMS,0
Lurchystein,0
gabig00k,0
EnduringInsanity,0
BlueSandSniffer,0
pie256,0
atkyyup,0
CL0N,0
ObbiDobii,0
dirtysavagesyndicate,0
Call_Me_Goowop,0
Letsgethigh1995,0
DizzyyJay47,0
GloBoyDK,0
oxycohdawn_30,0
AnAssGoblin,0
EmptyBrows,0
Trynaquitdope,0
Novel-Bodybuilder369,0
camyfromotter,0
MATPharm,0
wvdude91,0
dazzzeddd,0
Jennnnyy,0
WholeAssVIBE,0
CotDayu,0
SuaveRoad,0
Xantana21,0
Limycardinal,0
sunshinecomemyway,0
addicted2profit2,0
tommyfitzgerald,0
JessCo1616,0
BrantleyT23YZY,0
jamgar98,0
screwdriveremoji,0
foxracing657,0
McK315,0
bigbreastsmcgee,0
NeilSawyer,0
youmater,0
Oneforgh0st,0
blaine_11,0
threeblindmice777,0
These_Ease1530,0
unhappyguy13,0
SneakySkeever77,0
stupidusername189,0
jeremydotnet,0
Disposable187,0
takeiteztoma89,0
PatsyClinesDaughter,0
Connect_Hour,0
Your_Average_Guy2020,0
calem_1488,0
oohahmonkeyoohah,0
Valuable_Piccolo_416,0
ImpossibleLobster1,0
Brooklynchick88,0
PuggsyBeans,0
mybrilliantinsanity,0
608JAW,0
grthtrjtr,0
Eljazpills,0
VOID__NULL,0
prespills,0
RemmyRiot,0
AgentOrange5311,0
Ok-Bet-7956,0
wakeskatecraig,0
illwaukee7734,0
Swoon92,0
pewkiss1985,0
Oakester,0
PillowyNugs,0
No-Climate-4582,0
xadderallll,0
throwawayfjjokc,0
BillyWonka710,0
RedditAdmin25,0
abnrmxl,0
reddit5790463,0
cLOisondope,0
idkwhattoputhurr,0
Whateva420,0
xxthegoldenonesxx,0
thrownaway4737373,0
morrison617,0
amandaapink,0
Recoveringone,0
pillpickle,0
TheWonderPears,0
StatusFix4447,0
percyman34,0
Gregory-Sh,0
ShitImADopeAddict,0
AnimalVillager,0
Aertyy,0
Few-Technology-508,0
yourdosage,0
Dr-Tobias,0
AlfredBrock,0
Wiggyjiggyjed07,0
od0llaz,0
savage5150flawed,0
SoFreahSoClean,0
DILLYRUSH,0
OC40s,0
TheRapture64,0
realmeds1000,0
peeesomniferum,0
Hoseclamps-n-G74s,0
HThrowAwayAccount,0
